date,open,high,low,close,volume,SMA,EMA,BB_MID,BB_UPPER,BB_LOWER,RSI,CCI,VADER_Compound,TextBlob_Polarity,FinBERT_Label,CryptoBERT_Label,original_preds
2024-9-1,2513,2516.28,2400,2425.72,223127.776,2504.134,2502.574604,2504.134,2583.34122,2424.92678,22.68110922,-164.2040415,0,0,0,0,2557.707286
2024-9-2,2425.71,2564.83,2423.52,2538.01,262632.8385,2506.07,2514.386403,2506.07,2587.975439,2424.164561,49.40422373,17.22844649,0,0,0,0,2488.148784
2024-9-3,2538,2553.6,2411.12,2425.29,224793.1299,2485.606,2484.687602,2485.606,2585.017012,2386.194988,34.45968123,-62.34414401,0,0,0,0,2580.890092
2024-9-4,2425.28,2490,2306.65,2450.71,384179.3854,2470.548,2473.361735,2470.548,2563.523374,2377.572626,39.60927933,-108.8416951,0,0,0,0,2487.447565
2024-9-5,2450.71,2466,2348.04,2368.81,278549.0969,2441.708,2438.511156,2441.708,2551.960062,2331.455938,30.08831359,-105.2556459,0,0,0,0,2500.237035
2024-9-6,2368.81,2408.83,2150.55,2225.23,643027.111,2401.61,2367.417438,2401.61,2608.998055,2194.221945,19.70743324,-151.7571929,0,0,-0.5,1,2380.990746
2024-9-7,2225.24,2311.27,2220.98,2273.58,219453.2076,2348.724,2336.138292,2348.724,2522.077587,2175.370413,29.88941822,-80.25166834,0,0,0,0,2269.281368
2024-9-8,2273.58,2333.58,2240.94,2297.3,192775.6493,2323.126,2323.192195,2323.126,2480.784162,2165.467838,34.94818598,-37.57010452,0,0,0,0,2258.36499
2024-9-9,2297.3,2381.41,2272.8,2359.5,321698.99,2304.884,2335.294796,2304.884,2412.407609,2197.360391,47.39072938,41.01007311,0,0,0,0,2286.92194
2024-9-10,2359.51,2400,2320.41,2388.52,224382.1729,2308.826,2353.036531,2308.826,2426.409701,2191.242299,52.67032119,110.8205164,0,0,-1,-1,2367.665906
2024-9-11,2388.52,2389.32,2277.68,2340.55,282898.3125,2331.89,2348.874354,2331.89,2415.032234,2248.747766,43.62445079,31.21834511,-0.2023,0.3,0,1,2403.836389
2024-9-12,2340.54,2391.93,2315.39,2361.76,202611.1308,2349.526,2353.169569,2349.526,2410.042491,2289.009509,48.51179687,61.13139093,0.1779,0.068181818,0,-1,2357.217521
2024-9-13,2361.75,2464.82,2337.35,2439.19,253888.616,2377.904,2381.843046,2377.904,2446.392425,2309.415575,63.10687333,146.7438146,0,0,0,0,2382.10939
2024-9-14,2439.19,2440.6,2376.72,2417.79,122931.2302,2389.562,2393.825364,2389.562,2461.31698,2317.80702,57.47807864,80.87260266,-0.3182,0,0,1,2437.914142
2024-9-15,2417.8,2430.32,2283.75,2316.1,174364.1946,2375.078,2367.916909,2375.078,2467.954778,2282.201222,37.57224479,-59.27735419,0,0,0,0,2444.394463
2024-9-16,2316.09,2335.7,2252.39,2295.68,330555.232,2366.104,2343.83794,2366.104,2477.429886,2254.778114,34.56733439,-118.5209482,0,0,0,-1,2316.038632
2024-9-17,2295.67,2393.63,2263.29,2341.8,274206.2588,2362.112,2343.158626,2362.112,2475.192325,2249.031675,46.62007741,-41.09599004,0,0,0,0,2276.0403
2024-9-18,2341.79,2376.14,2277.34,2374.75,292917.6008,2349.224,2353.689084,2349.224,2435.813367,2262.634633,54.16067301,-5.81094826,0,0,0,-1,2304.501718
2024-9-19,2374.74,2494.95,2372.6,2465.21,326746.032,2358.708,2390.862723,2358.708,2477.61594,2239.80006,69.12705782,166.6666667,0,0,0,0,2401.32091
2024-9-20,2465.21,2571.93,2437.31,2561.4,340754.5912,2407.768,2447.708482,2407.768,2597.310734,2218.225266,78.47033603,117.6444795,0,0,0,0,2498.101721
2024-9-21,2561.4,2623.34,2528.97,2612.4,154757.8773,2471.112,2502.605655,2471.112,2679.258648,2262.965352,82.06716976,107.9368025,0,0,0,0,2562.611056
2024-9-22,2612.4,2632.57,2524.58,2581,214266.3257,2518.952,2528.737103,2518.952,2693.460991,2344.443009,72.71759034,68.33375217,0,0,0,0,2608.857323
2024-9-23,2580.99,2702.82,2539.49,2646.97,333282.0149,2573.396,2568.148069,2573.396,2696.165315,2450.626685,79.00047335,92.4795572,0,0,0,0,2584.324468
2024-9-24,2646.98,2670.96,2591.56,2653.2,288600.0402,2610.994,2596.498712,2610.994,2682.753603,2539.234397,79.55623516,92.02155626,0,0,0,0,2656.755082
2024-9-25,2653.2,2673.5,2554.05,2579.95,220343.4293,2614.704,2590.982475,2614.704,2677.135693,2552.272307,57.27741458,-16.33764751,0,0,0,0,2734.689551
2024-9-26,2580.09,2666.22,2559.2,2632.26,278686.3573,2618.676,2604.74165,2618.676,2682.526864,2554.825136,65.82138187,19.38525007,0,0,0,0,2619.609532
2024-9-27,2632.25,2728.6,2615.21,2694.43,281826.9792,2641.362,2634.637767,2641.362,2715.346218,2567.377782,73.65005171,151.1324196,0,0,0,0,2657.893898
2024-9-28,2694.43,2704.35,2650,2675.21,137230.0342,2647.01,2648.161844,2647.01,2725.987559,2568.032441,67.66104616,79.86111111,0,0,0,0,2722.677781
2024-9-29,2675.21,2683.7,2629.73,2657.62,160554.3146,2647.894,2651.314563,2647.894,2727.227057,2568.560943,61.90250649,23.28984007,0,0,0,0,2734.877813
2024-9-30,2657.62,2663.5,2575,2602.23,282475.7961,2652.35,2634.953042,2652.35,2717.075274,2587.624726,46.36880121,-90.521848,0,0,0,0,2655.358528
2024-10-1,2602.24,2659,2414,2447.79,502828.6804,2615.456,2572.565361,2615.456,2794.055106,2436.856894,24.73541592,-150.2169107,0,0,0,0,2627.779026
2024-10-2,2447.78,2499,2352,2364.1,317484.735,2549.39,2503.076908,2549.39,2794.324955,2304.455045,18.79554167,-119.9867051,-0.296,0,-1,1,2511.514248
2024-10-3,2364.09,2403.38,2310,2349.8,314635.9263,2484.308,2451.984605,2484.308,2733.817242,2234.798758,17.87855518,-99.67988811,-0.4939,0,0,-1,2419.6246
2024-10-4,2349.8,2441.64,2339.15,2414.41,239383.017,2435.666,2439.459737,2435.666,2616.41342,2254.91858,35.61820002,-45.62935577,0,0,0,0,2390.223274
2024-10-5,2414.41,2428.23,2390.05,2414.66,103740.2316,2398.152,2431.193158,2398.152,2470.253164,2326.050836,35.68539676,-7.567393504,0,0,0,0,2416.14512
2024-10-6,2414.66,2457.8,2407,2440.03,105752.7096,2396.6,2434.138772,2396.6,2464.576552,2328.623448,43.20485855,117.0042887,0,0,0,0,2430.861471
2024-10-7,2440.02,2521,2403,2422.71,300459.5407,2408.322,2430.329181,2408.322,2469.73516,2346.90884,39.28523834,99.06052739,0,0,0,0,2454.107591
2024-10-8,2422.7,2466.66,2401.18,2440.89,201358.3312,2426.54,2433.849454,2426.54,2450.049025,2403.030975,45.74354708,40.67366744,0,0,0,-1,2440.908539
2024-10-9,2440.88,2473.61,2351.42,2370.47,242082.2725,2417.752,2412.722969,2417.752,2469.143875,2366.360125,30.19306482,-107.891754,0,0,0,0,2476.732896
2024-10-10,2370.47,2421.36,2330.66,2386.49,257862.9619,2412.118,2403.978646,2412.118,2469.462213,2354.773787,36.34643781,-109.1858916,0,0,0,0,2380.661428
2024-10-11,2386.49,2471.45,2381.86,2439.5,235441.2197,2412.012,2415.819098,2412.012,2469.151034,2354.872966,53.35377948,33.87294525,0,0,0,0,2402.660034
2024-10-12,2439.49,2490.51,2434.35,2476.4,139637.5062,2422.75,2436.012732,2422.75,2500.39499,2345.10501,62.15266394,111.1847372,0,0,0,0,2475.699697
2024-10-13,2476.4,2484.92,2436.4,2468.91,120022.8179,2428.354,2446.978488,2428.354,2514.053907,2342.654093,59.31387617,76.12630761,0,0,0,0,2560.094176
2024-10-14,2468.92,2654,2443.39,2629.79,435900.1619,2480.218,2507.915659,2480.218,2642.593182,2317.842818,81.72493464,161.1725499,0,0,0,0,2499.624344
2024-10-15,2629.79,2688.6,2537.36,2607.41,416285.6663,2524.402,2541.080439,2524.402,2680.834381,2367.969619,74.581378,100.9397611,0,0,0,0,2602.792606
2024-10-16,2607.41,2647.79,2588.67,2611.1,260322.4242,2558.722,2564.420293,2558.722,2700.165258,2417.278742,75.03119306,70.86447562,0,0,0,0,2660.781978
2024-10-17,2611.1,2648.37,2575.4,2605.8,221624.5434,2584.602,2578.213528,2584.602,2701.557712,2467.646288,72.72072632,51.68101974,0,0,0,-1,2703.721619
2024-10-18,2605.79,2675.58,2596.49,2642.17,292444.1153,2619.254,2599.532352,2619.254,2647.874671,2590.633329,78.42069809,134.3613605,-0.7964,-0.1875,-1,1,2641.413713
2024-10-19,2642.17,2663.49,2631.02,2648.2,105413.7646,2622.936,2615.754902,2622.936,2659.629395,2586.242605,79.31637342,104.907399,0,0,0,0,2658.938022
2024-10-20,2648.2,2759,2635.54,2746.91,256910.7448,2650.836,2659.473268,2650.836,2752.499966,2549.172034,88.8154997,160.7431089,0,0,0,0,2689.790812
2024-10-21,2746.91,2769.48,2655.01,2666.7,310674.7232,2661.956,2661.882178,2661.956,2755.652947,2568.259053,60.563672,67.52687036,0,0,0,0,2720.981744
2024-10-22,2666.71,2671.92,2606.56,2622.81,265747.713,2665.358,2648.858119,2665.358,2751.589977,2579.126023,49.74130949,-68.33891974,0,0,0,0,2659.902023
2024-10-23,2622.81,2628.2,2450,2524.61,352647.7086,2641.846,2607.442079,2641.846,2785.521155,2498.170845,33.16607002,-150.9827386,0,0,0,0,2605.413422
2024-10-24,2524.6,2562.65,2507.31,2535.82,290851.7842,2619.37,2583.568053,2619.37,2785.450641,2453.289359,36.19974567,-82.86495413,0.3612,-0.2,1,-1,2499.870317
2024-10-25,2535.82,2566.33,2382.59,2440.62,514799.8822,2558.112,2535.918702,2558.112,2716.607103,2399.616897,24.42872184,-98.45401352,0,0,0,0,2562.729
2024-10-26,2440.63,2508,2430.12,2482.51,248724.8313,2521.274,2518.115801,2521.274,2643.060665,2399.487335,35.89413948,-76.0933352,0,0,0,0,2453.417298
2024-10-27,2482.51,2527.99,2464.13,2507.8,137580.8836,2498.272,2514.677201,2498.272,2566.192654,2430.351346,42.47983593,-3.162322617,0,0,0,0,2506.443228
2024-10-28,2507.8,2589.67,2471.67,2567.48,360605.327,2506.846,2532.278134,2506.846,2594.001074,2419.690926,55.85680532,92.19252752,0,0,0,0,2499.427958
2024-10-29,2567.49,2681.86,2561.2,2638.8,451915.7025,2527.442,2567.785423,2527.442,2665.851243,2389.032757,67.23824709,138.4803281,0,0,0,1,2618.525907
2024-10-30,2638.8,2722.3,2599.66,2659.19,460627.126,2571.156,2598.253615,2571.156,2710.328713,2431.983287,70.00224773,99.94619101,0,0,0,0,2669.135812
2024-10-31,2659.19,2669,2503,2518.61,403427.2017,2578.376,2571.705743,2578.376,2701.188481,2455.563519,40.53193783,-19.59582908,0,0,0,0,2710.179948
2024-11-1,2518.61,2586.8,2467.67,2511.49,430249.1073,2579.114,2551.633829,2579.114,2700.254163,2457.973837,39.47970209,-84.20184243,0,0,0,0,2573.182848
2024-11-2,2511.49,2523.45,2470,2494.23,145961.13,2564.464,2532.499219,2564.464,2704.007555,2424.920445,36.60049161,-92.74326003,0,0,0,0,2549.183121
2024-11-3,2494.23,2496.39,2411,2457.73,276009.1197,2528.25,2507.576146,2528.25,2665.798658,2390.701342,30.6850352,-96.80589229,0,0,0,0,2518.797063
2024-11-4,2457.73,2491.39,2357.59,2398.21,306316.9645,2476.054,2471.120764,2476.054,2564.564101,2387.543899,23.0811065,-113.0853269,0,0,0,0,2482.892584
2024-11-5,2398.21,2480,2380.74,2422.55,331619.2545,2456.842,2454.930509,2456.842,2541.688721,2371.995279,31.72908848,-64.82955154,0,0,0,0,2397.066812
2024-11-6,2422.6,2744.7,2420.3,2721.87,1002141.362,2498.918,2543.91034,2498.918,2731.125141,2266.710859,74.97631233,154.6442582,0,0,0,0,2368.316277
2024-11-7,2721.88,2916.11,2699.49,2895.47,730845.9524,2579.166,2661.096893,2579.166,2971.526038,2186.805962,82.85164608,131.4735567,0,0,0,1,2711.489656
2024-11-8,2895.47,2981.69,2886.4,2961.75,568864.435,2679.97,2761.314595,2679.97,3147.516432,2212.423568,85.09093826,101.8113911,0.6335,0.113636364,0.5,-1,2821.193569
2024-11-9,2961.75,3157.4,2953.71,3126.21,526719.4212,2825.57,2882.946397,2825.57,3304.731119,2346.408881,89.38871677,96.74386628,0,0,0,0,2938.324856
2024-11-10,3126.2,3248.52,3069,3183.21,865536.7322,2977.702,2983.034265,2977.702,3308.464446,2646.939554,90.5668033,99.23268865,0,0,0,0,3018.82439
2024-11-11,3183.2,3387.61,3105,3371.59,1000093.966,3107.646,3112.552843,3107.646,3444.721983,2770.570017,93.53291641,108.6449868,0,0,0,0,3111.71586
2024-11-12,3371.59,3442.5,3207.67,3243.8,973215.7285,3177.312,3156.301895,3177.312,3447.538234,2907.085766,73.84420377,82.77846252,0,0,0.333333333,-1,3264.692234
2024-11-13,3243.79,3331,3116.69,3187.16,919686.3747,3222.394,3166.58793,3222.394,3389.117353,3055.670647,66.13164387,2.798201582,0.1027,0,0,-1,3314.612686
2024-11-14,3187.16,3240.4,3028.56,3058.82,605780.6662,3208.916,3130.665287,3208.916,3411.583521,3006.248479,51.03449969,-112.3489182,0.3182,0,0,-1,3288.613519
2024-11-15,3058.81,3131.06,3014.5,3090.01,519623.6317,3190.276,3117.113525,3190.276,3414.923716,2965.628284,54.21005006,-95.7432033,0,0,0,0,3125.701016
2024-11-16,3090.01,3219.97,3072,3132.87,423639.1573,3142.532,3122.365683,3142.532,3275.517653,3009.546347,58.79966606,-25.08288379,0,0,0,0,3109.978922
2024-11-17,3132.88,3162.11,3034.99,3076,449818.9575,3108.972,3106.910455,3108.972,3201.260292,3016.683708,50.41795835,-58.71847135,0,0,0,0,3161.952323
2024-11-18,3075.99,3224.94,3050.01,3207.8,640658.4357,3113.1,3140.540304,3113.1,3219.738902,3006.461098,64.90890524,106.3163376,0,0,0,0,3083.516384
2024-11-19,3207.81,3221.2,3065.4,3107.44,500112.0194,3122.824,3129.506869,3122.824,3215.894965,3029.753035,50.78224473,24.73891854,0,0,0,-1,3192.476215
2024-11-20,3107.45,3159.2,3029.41,3069.97,503607.8336,3118.816,3109.661246,3118.816,3218.672786,3018.959214,46.09985228,-89.33400779,0,0,0,0,3154.95162
2024-11-21,3069.97,3386.73,3032.59,3355.81,974923.3035,3163.404,3191.710831,3163.404,3379.723051,2947.084949,71.31804595,146.7112337,0,0,0,0,3093.026122
2024-11-22,3355.88,3425.92,3257.54,3327.78,603273.7093,3213.76,3237.06722,3213.76,3442.134764,2985.385236,67.44979398,115.188055,0,0,1,-1,3333.069338
2024-11-23,3327.78,3497.51,3312.72,3393.91,721024.0009,3250.982,3289.348147,3250.982,3520.329219,2981.634781,71.93841515,98.49512986,0,0,0,0,3370.129442
2024-11-24,3393.91,3450,3281.4,3361.2,479098.0921,3301.734,3313.298765,3301.734,3537.275554,3066.192446,66.28673142,53.17042361,0,0,0,0,3412.97075
2024-11-25,3361.21,3546.66,3300.01,3414.49,949330.37,3370.638,3347.029176,3370.638,3431.369129,3309.906871,70.93658075,91.22554349,0,0,0,0,3346.053794
2024-11-26,3414.49,3462.49,3252,3324.73,672367.1503,3364.422,3339.596118,3364.422,3435.442105,3293.401895,54.97287804,-61.91317198,0.2023,0.5,1,-1,3430.699008
2024-11-27,3324.74,3684.92,3302.4,3653.28,754573.6485,3429.522,3444.157412,3429.522,3661.403137,3197.640863,77.81538892,161.086412,0,0,0,0,3358.516328
2024-11-28,3653.27,3661.92,3529.76,3578.79,560976.425,3466.498,3489.034941,3466.498,3721.664887,3211.331113,68.03396759,99.03062828,0,0,0,0,3656.937486
2024-11-29,3578.8,3647.98,3534.28,3592.21,425493.2449,3512.7,3523.426627,3512.7,3758.350792,3267.049208,68.91393538,66.59240986,0,0,0,0,3587.768954
2024-11-30,3592.22,3738.98,3568.4,3703.6,503684.7485,3570.522,3583.484418,3570.522,3832.072878,3308.971122,75.82009151,98.68353958,0,0,0,0,3589.263561
2024-12-1,3703.59,3746.8,3659.2,3707.61,429089.2633,3647.098,3624.859612,3647.098,3755.064923,3539.131077,76.05943042,104.6858642,0,0,0,0,3700.585349
2024-12-2,3707.61,3760,3554.32,3643.42,737130.569,3645.126,3631.046408,3645.126,3752.929292,3537.322708,63.48561691,17.58680646,0,0,0,0,3754.560712
2024-12-3,3643.43,3670,3500,3614.51,678400.2032,3652.27,3625.534272,3652.27,3745.258723,3559.281277,58.08015921,-80.52142428,0,0,0,0,3702.542487
2024-12-4,3614.51,3887.24,3614.51,3837.8,968744.0399,3701.388,3696.289515,3701.388,3855.166843,3547.609157,76.99279804,134.1377859,0,0,0,0,3647.352387
2024-12-5,3837.8,3956,3677,3785.2,946493.276,3717.708,3725.926343,3717.708,3885.631226,3549.784774,67.96385354,96.12679401,0,0,0,0,3865.535673
2024-12-6,3785.21,4087.73,3777.26,3998.87,803855.1146,3775.96,3816.907562,3775.96,4054.859818,3497.060182,79.92046903,122.6383698,0,0,0,0,3790.360415
2024-12-7,3998.87,4024.46,3968,3996.22,283920.02,3846.52,3876.678375,3846.52,4133.971468,3559.068532,79.46070737,94.96024383,0,0,0,0,3952.733906
2024-12-8,3996.22,4015.58,3923.5,4004.15,251362.1685,3924.448,3919.168916,3924.448,4111.936974,3736.959026,79.89337191,58.3950368,0,0,0,0,3945.391979
2024-12-9,4004.15,4006.17,3509,3712,939642.2001,3899.288,3850.112611,3899.288,4149.729679,3648.846321,40.55331891,-105.1080174,-0.2846,0.091666667,1,1,4015.332889
2024-12-10,3712,3780.76,3515.89,3628.25,942206.0337,3867.898,3776.158407,3867.898,4195.214554,3540.581446,34.47102592,-107.8586965,-0.4215,0,0,1,3752.555109
2024-12-11,3628.24,3848.64,3562.34,3831.81,461818.7801,3834.486,3794.708938,3834.486,4134.468704,3534.503296,54.9838976,-37.04946654,0,0.068181818,0,-1,3675.387134
2024-12-12,3831.82,3987.41,3796.8,3881.61,572098.6343,3811.564,3823.675959,3811.564,4073.743668,3549.384332,58.91672647,54.70435401,0,0,1,-1,3759.44235
2024-12-13,3881.6,3968.47,3852.94,3906.8,387765.6873,3792.094,3851.383973,3792.094,4003.768933,3580.419067,61.06732921,90.99636341,0,0,0,-1,3864.628262
2024-12-14,3906.8,3945,3825.03,3870.29,265538.9479,3823.752,3857.685982,3823.752,4025.13972,3622.36428,55.77743073,46.72199116,0,0,0,0,3902.420962
2024-12-15,3870.3,3974.61,3831.5,3959.09,253833.2141,3889.92,3891.487321,3889.92,3974.302882,3805.537118,64.99606231,71.43443138,0,0,0,0,3857.611871
2024-12-16,3959.09,4107.8,3884,3986.24,673351.0723,3920.806,3923.071547,3920.806,4010.390078,3831.221922,67.57901017,159.7173175,0,0,0,-1,3919.748604
2024-12-17,3986.24,4041.82,3847.96,3893.01,450825.9861,3923.086,3913.051032,3923.086,4009.071733,3837.100267,51.3232083,3.183813943,0.45425,0.132727273,0.5,-1,3998.475901
2024-12-18,3893.01,3907.19,3617.42,3626.8,722505.0618,3867.086,3817.634021,3867.086,4121.773405,3612.398595,27.61436618,-159.4343394,0,0,0,0,3947.923707
2024-12-19,3626.8,3720,3326.8,3417.01,1078153.485,3776.43,3684.092681,3776.43,4216.927611,3335.932389,18.97818624,-129.4953596,0,0,0,0,3735.077866
2024-12-20,3417.01,3497.84,3101.9,3472.21,1332783.731,3679.054,3613.46512,3679.054,4130.117089,3227.990911,26.53488443,-103.2032404,-0.17515,0,0,0,3556.574099
2024-12-21,3472.2,3555.18,3293.11,3338.92,475275.82,3549.59,3521.95008,3549.59,3941.350795,3157.829205,20.70590172,-61.64754114,0,0,0,0,3499.618206
2024-12-22,3338.92,3403,3221.1,3281.83,361920.2495,3427.354,3441.910054,3427.354,3665.506175,3189.201825,18.52693035,-83.07201006,0,0,0,0,3387.195983
2024-12-23,3281.83,3466.99,3216.97,3422.53,488253.41,3386.5,3435.450036,3386.5,3521.54041,3251.45959,38.47334168,-18.95586741,0,0,0,0,3292.956425
2024-12-24,3422.53,3539.65,3358.19,3493.18,315723.6763,3401.734,3454.693357,3401.734,3561.944559,3241.523441,46.66858545,137.5629277,0,0,0,0,3362.713835
2024-12-25,3493.17,3547.95,3440.93,3497,219846.0452,3406.692,3468.795571,3406.692,3576.562808,3236.821192,47.14441417,101.0461107,0,0,0,0,3513.446477
2024-12-26,3497,3514.94,3304.63,3335.05,310170.1719,3405.918,3424.213714,3405.918,3577.047544,3234.788456,32.00964017,-19.65497122,0.4215,0,0,-1,3551.442286
2024-12-27,3335.04,3444.16,3306.6,3333.51,342529.6038,3416.254,3393.979143,3416.254,3560.247259,3272.260741,31.88795933,-68.81054741,0,0,0,1,3407.092894
2024-12-28,3333.51,3428.68,3322.23,3404,175963.613,3412.548,3397.319429,3412.548,3556.658162,3268.437838,44.0557947,-44.86553452,0,0,0,0,3351.676992
2024-12-29,3404.01,3413.78,3326.17,3356.48,156256.8819,3385.208,3383.706286,3385.208,3508.055537,3262.360463,38.29144727,-56.64847805,0,0,0,0,3428.441268
2024-12-30,3356.48,3437.59,3305,3361.84,420794.6476,3358.176,3376.417524,3358.176,3409.239597,3307.112403,39.40921624,-33.72589512,0,0,0,0,3380.102831
2024-12-31,3361.83,3451,3315.59,3337.78,303053.1685,3358.722,3363.538349,3358.722,3408.834338,3308.609662,35.77335571,-16.33788129,0,0,0,0,3383.865544
2025-1-1,3337.78,3374.85,3313.88,3360.38,190238.5861,3364.096,3362.485566,3364.096,3407.563346,3320.628654,42.05075859,-151.1348006,0.5719,0.2,0,-1,3426.565935
2025-1-2,3360.39,3509.99,3354.5,3455.67,338632.8874,3374.43,3393.547044,3374.43,3457.478291,3291.381709,61.75286262,166.6666667,0,0,0.5,0,3433.918788
2025-1-3,3455.68,3630,3423.44,3609.01,334041.0604,3424.936,3465.368029,3424.936,3626.077874,3223.794126,77.28637035,141.976527,0,0,0,0,3540.876658
2025-1-4,3609,3671.6,3572.42,3656.88,229266.3133,3483.944,3529.205353,3483.944,3741.594555,3226.293445,80.39368084,109.8789577,0,0,0,0,3609.884663
2025-1-5,3656.88,3675.25,3593.7,3635.99,155444.1741,3543.586,3564.800235,3543.586,3775.012863,3312.159137,74.81093066,73.44134017,0,0,0,0,3625.257969
2025-1-6,3636,3744.83,3610.63,3687.45,329642.3648,3609,3605.68349,3609,3770.704535,3447.295465,79.24826413,83.83975774,0,0,0,0,3621.604515
2025-1-7,3687.44,3700.86,3356.31,3381.31,541543.2874,3594.128,3530.892327,3594.128,3813.056685,3375.199315,34.30665451,-122.3029093,-0.4939,0,-1,1,3690.308557
2025-1-8,3381.31,3415.1,3208.2,3327.29,584749.9627,3537.784,3463.024885,3537.784,3841.125423,3234.442577,30.49251459,-128.2062885,0,0,0,0,3447.121761
2025-1-9,3327.29,3357.27,3158,3219.2,501818.4247,3450.248,3381.749923,3450.248,3812.48458,3088.01142,23.85819026,-99.08327911,0,0,0,0,3368.519973
2025-1-10,3219.2,3322.49,3193.97,3267.04,454142.1333,3376.458,3343.513282,3376.458,3706.135946,3046.780054,32.03870736,-61.5105486,0,0,0,0,3263.345826
2025-1-11,3267.05,3320.18,3217.56,3282.83,151679.7487,3295.534,3323.285521,3295.534,3405.683516,3185.384484,34.92329723,-41.81575527,0,0,0,0,3273.497672
2025-1-12,3282.83,3300,3224.49,3267.3,164879.9709,3272.732,3304.623681,3272.732,3342.049389,3203.414611,33.19130435,-29.29323496,0,0,0,0,3259.451442
2025-1-13,3267.3,3339,2920,3137.51,845907.5669,3234.776,3248.919121,3234.776,3341.025705,3128.526295,21.86376461,-166.6666667,0,0,0,0,3268.410683
2025-1-14,3137.51,3256.67,3125.65,3225.63,374308.4517,3236.062,3241.15608,3236.062,3341.680249,3130.443751,39.41224154,-33.79275054,0,0,0,0,3153.713071
2025-1-15,3225.63,3473.75,3186.36,3451.52,464188.034,3272.958,3311.277387,3272.958,3478.09202,3067.82398,64.76732668,125.2567157,0,0,0,0,3255.138232
2025-1-16,3451.51,3460.79,3265.44,3308.05,471282.6787,3278.002,3310.201591,3278.002,3485.089884,3070.914116,48.61529329,71.58347368,0.2023,0,0,-1,3461.300222
2025-1-17,3308.04,3525.72,3307.5,3473.63,518550.1813,3319.268,3364.677728,3319.268,3577.334825,3061.201175,62.21080747,88.94121657,0,0,0,0,3380.750541
2025-1-18,3473.64,3494.39,3227,3307.71,634197.1281,3353.308,3345.688485,3353.308,3542.098077,3164.517923,46.72558695,4.527509764,0,0,0,0,3433.95969
2025-1-19,3307.71,3448.99,3130.48,3215.12,1342301.522,3351.206,3302.165657,3351.206,3545.780975,3156.631025,39.81284795,-141.1172459,0.4019,0,1,-1,3340.266427
2025-1-20,3215.2,3453.69,3142.78,3284,1158354.781,3317.702,3296.110438,3317.702,3487.797112,3147.606888,47.09163189,-62.4718219,0,0,0,0,3256.80121
2025-1-21,3283.99,3368,3204.6,3327.54,548706.0513,3321.6,3306.586959,3321.6,3491.524894,3151.675106,51.7064003,-36.82916543,0,0,0,0,3254.607065
2025-1-22,3327.55,3365.99,3222.85,3242.6,349240.7498,3275.394,3285.257972,3275.394,3358.078915,3192.709085,42.63756036,-59.92272477,0,0,0,0,3320.015125
2025-1-23,3242.61,3347.97,3185,3338.21,605592.7225,3281.494,3302.908648,3281.494,3376.410679,3186.577321,53.99150001,30.58434589,0,0,0,0,3244.424403
2025-1-24,3338.22,3428,3275.9,3310.09,451524.2752,3300.488,3305.302432,3300.488,3369.014392,3231.961608,50.32914428,165.6600892,0,0,0,0,3370.878007
2025-1-25,3310.1,3350.68,3268.66,3318.77,208559.0415,3307.442,3309.791621,3307.442,3374.913,3239.971,51.59601038,34.75060696,0,0,0,0,3383.58007
2025-1-26,3318.76,3362,3230,3232.61,272165.469,3288.456,3284.064414,3288.456,3373.703768,3203.208232,39.19286008,-74.05467425,0,0,0,0,3370.863439
2025-1-27,3232.61,3253.91,3020.01,3182.44,753004.7529,3276.424,3250.18961,3276.424,3394.734615,3158.113385,33.35646906,-166.6666667,0.20095,-0.083333333,0,0,3233.150552
2025-1-28,3182.44,3223.01,3040.03,3077.72,350959.7173,3224.326,3192.69974,3224.326,3402.295691,3046.356309,24.02273504,-98.5660192,0,0,0,0,3184.888596
2025-1-29,3077.72,3182.52,3054.06,3113.9,409737.2576,3185.088,3166.43316,3185.088,3356.509932,3013.666068,32.21422421,-64.48020243,0,0,0,0,3122.39495
2025-1-30,3113.9,3283.43,3091.06,3247.39,350639.4823,3170.812,3193.418773,3170.812,3302.640645,3038.983355,54.7262943,42.01255216,0,0,0,0,3135.560944
2025-1-31,3247.38,3437.31,3213.8,3300.99,648681.6561,3184.488,3229.275849,3184.488,3349.207503,3019.768497,61.1946582,140.0314826,0,0,0,0,3272.713808
2025-2-1,3300.99,3331.98,3101.7,3117.54,354065.2525,3171.508,3192.030566,3171.508,3344.831009,2998.184991,37.97986706,-4.495564039,0,0,0,0,3392.53931
2025-2-2,3117.54,3163.2,2750.71,2869.68,1050805.93,3129.9,3084.580377,3129.9,3428.160163,2831.639837,23.14867317,-144.7139218,0,0,0,0,3250.282928
2025-2-3,2869.68,2921,2125.01,2879.9,2807979.021,3083.1,3016.353585,3083.1,3443.645926,2722.554074,24.66493534,-127.3337109,0,0,0,0,3011.264506
2025-2-4,2879.89,2888.5,2632.6,2731.19,1259594.392,2979.86,2921.299057,2979.86,3385.863608,2573.856392,18.15122809,-62.18491766,0,0,0,0,2875.480181
2025-2-5,2731.19,2826.95,2699.13,2788.25,686593.0429,2877.312,2876.949371,2877.312,3141.21822,2613.40578,27.35292632,-34.76803497,0,0,0,0,2801.618833
2025-2-6,2788.25,2857.64,2655.28,2686.64,719459.9571,2791.132,2813.512914,2791.132,2942.312616,2639.951384,21.87800146,-31.3786981,0,0,0,0,2723.235282
2025-2-7,2686.63,2797.5,2562.51,2622.1,695467.3612,2741.616,2749.708609,2741.616,2917.598569,2565.633431,18.87793201,-70.38378588,0,0,1,-1,2705.81491
2025-2-8,2622.11,2667.3,2588.8,2632.46,379685.1509,2692.128,2710.62574,2692.128,2816.255637,2568.000363,21.05021023,-103.6312825,0,0,0,0,2722.058366
2025-2-9,2632.46,2698.9,2520.02,2627.18,387166.7911,2671.326,2682.810493,2671.326,2797.146109,2545.505891,20.69713212,-79.0716575,0,0,0,0,2643.301373
2025-2-10,2627.18,2693.79,2559.85,2661.19,398173.2716,2645.914,2675.603662,2645.914,2694.830604,2596.997396,30.13275718,-34.37718193,0,0.08,1,-1,2609.984372
2025-2-11,2661.19,2725.04,2558.24,2602.59,484196.1435,2629.104,2651.265775,2629.104,2667.014675,2591.193325,23.98606139,-32.65445275,0,0.25,0,-1,2653.870644
2025-2-12,2602.59,2795.45,2546.92,2738.27,646295.8959,2652.338,2680.267183,2652.338,2745.999475,2558.676525,52.20389165,166.6666667,0,0,0,0,2631.699185
2025-2-13,2738.27,2757.28,2612.76,2675.87,443769.2853,2661.02,2678.801455,2661.02,2753.744644,2568.295356,43.02256484,70.00905422,0,0,0,-1,2782.223674
2025-2-14,2675.87,2791.78,2664.46,2725.95,419895.7862,2680.774,2694.517637,2680.774,2778.209029,2583.338971,51.56784162,109.9121262,0.6486,0,1,-1,2719.247607
2025-2-15,2725.95,2739,2662.28,2693.04,202971.4295,2687.144,2694.025091,2687.144,2782.772524,2591.515476,45.91170101,33.12984243,0,0,0,0,2777.185432
2025-2-16,2693.04,2727.31,2651.26,2661.41,191231.5314,2698.908,2683.153394,2698.908,2757.230686,2640.585314,40.56621657,-81.62292451,0,0,0,0,2690.781987
2025-2-17,2661.41,2849.7,2637.71,2744.05,639739.8197,2700.064,2703.452263,2700.064,2761.602093,2638.525907,56.93972139,106.6478901,0.23835,0,-0.5,-1,2655.877648
2025-2-18,2744.05,2756.93,2605.44,2671.99,604863.8737,2699.288,2692.964842,2699.288,2762.111308,2636.464692,43.79045102,-75.71498659,0.12675,-0.2,0.5,0,2751.645432
2025-2-19,2672,2736.7,2656.03,2715.5,326154.0202,2697.198,2700.476561,2697.198,2756.954749,2637.441251,52.13346787,8.018579636,0.1806,0.113636364,0.5,0,2684.017452
2025-2-20,2715.51,2770.59,2707.18,2738.04,336735.2544,2706.198,2712.997707,2706.198,2773.78123,2638.61477,56.33070972,76.65673496,0,0,0,0,2784.330692
2025-2-21,2738.04,2845.32,2616.72,2663,890440.0604,2706.516,2696.331805,2706.516,2773.263062,2639.768938,41.2707625,-18.53573864,0,0,0,1,2767.76114
2025-2-22,2663,2798.07,2653.33,2763.22,444989.6669,2710.35,2718.62787,2710.35,2786.7804,2633.9196,59.39412237,82.67749516,0,0,0,0,2694.262028
2025-2-23,2763.23,2857.34,2745.41,2819.69,611002.1222,2739.89,2752.315247,2739.89,2843.515077,2636.264923,66.64401431,166.6666667,-0.4939,0,0,1,2794.716464
2025-2-24,2819.7,2839.95,2470.33,2513.52,876876.3707,2699.494,2672.716831,2699.494,2910.987766,2488.000234,30.15520178,-150.843723,0,0,0,0,2801.648529
2025-2-25,2513.52,2533.49,2313.49,2495.7,1322016.872,2651.026,2613.711221,2651.026,2910.583287,2391.468713,29.00001584,-133.1416863,0,0.033143939,0,-1,2597.22852
2025-2-26,2495.69,2507.5,2253.77,2336.37,863087.2133,2585.7,2521.264147,2585.7,2945.411075,2225.988925,20.30609139,-101.5630022,0,0,0,0,2527.983787
2025-2-27,2336.38,2381.6,2230.57,2307.72,637583.9106,2494.6,2450.082765,2494.6,2859.021242,2130.178758,19.02417267,-83.27379271,0,0,0,0,2362.460554
2025-2-28,2307.72,2314.18,2076.26,2237.59,1291539.056,2378.18,2379.251843,2378.18,2594.70917,2161.65083,15.94432334,-105.817761,0.17,-0.05,-0.5,1,2357.255621
2025-3-1,2237.59,2281.14,2142.73,2217.39,446430.7271,2318.954,2325.297895,2318.954,2516.142265,2121.765735,15.06614375,-80.60898525,0,0,0,0,2254.38544
2025-3-2,2217.4,2550.58,2172.04,2518.11,1266684.775,2323.436,2389.568597,2323.436,2536.841786,2110.030214,58.05610057,103.1325568,-0.128,-0.5,0,-1,2311.122535
2025-3-3,2518.12,2523.56,2097.91,2149.01,1109565.2,2285.964,2309.382398,2285.964,2539.205267,2032.722733,32.67884642,-24.14263434,0,0.068181818,0,0,2449.449794
